{"cameraMode":{"drawMode":0,"name":"Shaded","section":"Shading Mode"},"sceneLighting":true,"audioPlay":false,"sceneViewState":{"showFog":true,"showMaterialUpdate":true,"showSkybox":true,"showFlares":true,"showImageEffects":true,"showParticleSystems":true},"in2DMode":false,"pivot":{"x":-23.757417678833009,"y":-6.610596656799316,"z":71.9258804321289},"rotation":{"x":0.05187011882662773,"y":-0.1513075828552246,"z":0.007952509447932244,"w":0.9870954155921936},"size":44.414398193359378,"orthographic":false}